cell_states	AP2A_MOUSE (ATGGCCTGAGGC)	ATF1_MOUSE (CTGACGTCAC)	Ascl2 (AGCAGCTGCT)	BATF+JUN_MA0462 (GAAATGACTCA)	CEBPA_MA0102 (ATTGCACAATA)	CEBPB_MOUSE (GGTTGTGCAAT)	CTCFL_HUMAN (GCCGCCAGGGGGCGCCG)	CTCF_MA0139 (TGGCCACCAGGGGGCGCTA)	ELK4_MA0076 (CCACTTCCGGC)	ETS1_HUMAN (AGACAGGAAGTGG)	ETV1_HUMAN (GGCCGGAAGTG)	FOSL2+JUNB_MA1138 (GATGACTCAT)	FOXC2_MA0846 (TAAGTAAACAAA)	FOXL2_MOUSE (TGTTTACATTT)	Gabpa_MA0062 (CCGGAAGTGGC)	IRF1_MA0050 (TTTTACTTTCACTTTCACTTT)	IRF1_MOUSE (GAAAGTGAAAGTGAAAGTAA)	JDP2_MA0656 (GATGACGTCATC)	JUN_MOUSE (GGTGAGTCAC)	KAISO_MOUSE (CAAATCTCGCGAGAA)	KLF3_HUMAN (GGGGAGGGGCGGGGCCGGG)	KLF4_HUMAN (AGGGTGTGGC)	KLF5_MA0599 (GCCCCGCCCC)	MAZ_HUMAN (GGGGGAGGGGGGGGGGGGGGGG)	MSC_MA0665 (AACAGCTGTT)	NFIA_HUMAN (TTGGCACGGTGCCAA)	NFIC_HUMAN (CTTGGCTCCCTGCCAAG)	NFYB_MOUSE (CAGCCAATCAGAG)	NRF1_MA0506 (GCGCCTGCGCA)	NRF1_MOUSE (CACTGCGCATGCGCAGG)	Pou5f1+Sox2_MA0142 (CTTTGTTATGCAAAT)	REST_MA0138 (TTCAGCACCATGGACAGCGCC)	RFX1_MOUSE (GCCCCGGTTGCCATGGCGACGG)	RFX2_HUMAN (CGGTTGCCATGGCAACGG)	RFX2_MOUSE (GGCGGTTGCCATGGCAACGGGA)	RUNX1_HUMAN (TCTGTGGTTTC)	RUNX3_HUMAN (TTTGTGGTTT)	Rfx1_MA0509 (GTTGCCATGGCAAC)	SIX2_HUMAN (TGAAACCTGAGAC)	SOX2_MOUSE (TCCTTTGTTATGCAAA)	SP1_HUMAN (GGGGGGCGGGGCCGGGGGGGGG)	SP1_MOUSE (GGGGGGGGAGGGGGCGGGGCCGGG)	SP2_MA0516 (GCCCCGCCCCCTCCC)	SP5_MOUSE (GGGGGGGAGGGGGAGGGGGAGGAG)	TAF1_HUMAN (AAGATGGCGGCGGCGG)	TEAD1_HUMAN (ACATTCCAGCCA)	TEAD3_TEA_1 (ACATTCCTCGCATTCCA)	TEAD3_TEA_2 (ACATTCCA)	TEAD4_HUMAN (ACATTCCTGGCAT)	THA11_MOUSE (GGCATGCTGGGAGTTGTAGTTC)	TWIST1_MA1123 (ATTCCAGATGTTT)	TWST1_MOUSE (ACATCTGGTTTTAATTA)	USF2_MOUSE (GGGTCACGTGGCCGCGGCG)	VEZF1_HUMAN (GGGGAGGGGGGAGGGGGAGGGG)	YY1_MA0095 (CAAGATGGCGGC)	ZBTB33_MA0527 (CTCTCGCGAGATCTG)	ZN143_HUMAN (GGCATTCTGGGAATTGTAGTTC)	ZN143_MOUSE (GGCATGCTGGGAATTGTAGTCC)	ZNF238_C2H2_1 (AATCCAGATGTTG)	ZNF238_C2H2_2 (CATCCAGATGTTC)	ZNF76_HUMAN (GGGGCATTCTGGGAATTGTAGT)
5	0.036370277404785156	0.3414170742034912	0.19568157196044922	1.0259206295013428	0.49927759170532227	0.4646162986755371	1.9747302532196045	2.0719046592712402	0.12834680080413818	0.22202610969543457	0.20876169204711914	1.407243013381958	0.2559152841567993	0.3983355760574341	0.17237234115600586	1.993988037109375	2.206202745437622	0.7356494665145874	1.146097183227539	0.7695436477661133	0.18484556674957275	0.03995084762573242	0.14569103717803955	-0.012131214141845703	0.28348520398139954	0.4800153970718384	0.6335896253585815	0.07590436935424805	0.3638111352920532	0.30048251152038574	0.0009026527404785156	1.1063934564590454	0.8052816390991211	0.7024022340774536	0.7346653938293457	0.19608044624328613	0.22482430934906006	0.7167004346847534	0.37771761417388916	0.022907018661499023	0.18257057666778564	0.12870502471923828	0.1375875473022461	0.14396309852600098	0.17300677299499512	0.1489095687866211	0.9399553537368774	0.11436212062835693	0.24696427583694458	1.0305769443511963	0.40671420097351074	0.9074723720550537	0.5302481651306152	0.12114667892456055	0.06295478343963623	0.7598905563354492	1.3463287353515625	1.0966501235961914	0.29611897468566895	0.25745880603790283	1.0583090782165527
12	0.030676186084747314	0.2206692099571228	0.11379420757293701	0.6725646257400513	0.13667947053909302	0.12055045366287231	1.5761181116104126	1.698062539100647	0.31184399127960205	0.31958818435668945	0.27317869663238525	0.9687247276306152	0.09066101908683777	0.1123737096786499	0.2582774758338928	0.014115571975708008	0.05097666382789612	0.6408349275588989	0.8520135879516602	0.02632242441177368	0.41911882162094116	0.5045781135559082	0.41526931524276733	0.029370009899139404	0.11814099550247192	0.5229537487030029	0.7291586995124817	0.11357736587524414	0.3907538056373596	0.9659689664840698	0.025723159313201904	0.09472322463989258	0.7288756966590881	0.5919915437698364	0.6644904613494873	0.11423438787460327	0.1618189811706543	0.38056647777557373	0.01241379976272583	0.040373921394348145	0.3036477565765381	0.3865699768066406	0.4053190350532532	0.17232084274291992	0.13286709785461426	0.08862125873565674	0.09760916233062744	0.038446009159088135	0.06617748737335205	1.2681622505187988	0.15889191627502441	0.47088485956192017	0.44030874967575073	0.13601210713386536	0.06199929118156433	0.06048011779785156	1.491560935974121	1.5681211948394775	0.08683741092681885	0.03019005060195923	1.324076771736145
10	0.030664145946502686	0.32567262649536133	0.15418124198913574	0.7300263047218323	0.001942276954650879	0.04867446422576904	1.4505188465118408	1.674431324005127	0.36305809020996094	0.4683486223220825	0.2660195827484131	1.0753012895584106	0.06929129362106323	0.2170422077178955	0.30947479605674744	0.05090600252151489	0.43007832765579224	0.7204501628875732	0.8443707227706909	0.03475475311279297	0.3686407804489136	0.08118465542793274	0.2312544584274292	0.06757587194442749	0.1515655517578125	0.4128129482269287	0.46481645107269287	0.13719147443771362	0.5922213196754456	0.6960962414741516	0.03368175029754639	0.3097043037414551	0.9623483419418335	0.9842059016227722	1.1205761432647705	0.3546217679977417	0.36879652738571167	0.8744980096817017	0.21803879737854004	0.05263453722000122	0.2663569450378418	0.2494601011276245	0.27745652198791504	0.1695381999015808	0.16901904344558716	0.18342280387878418	0.540510892868042	0.1225135326385498	0.27253830432891846	0.9385828971862793	0.3369205594062805	1.174015998840332	0.2573455572128296	0.12269037961959839	0.057882070541381836	0.07203567028045654	1.07175874710083	1.1253986358642578	0.14863848686218262	0.14469939470291138	0.8196724653244019
13	0.02494335174560547	0.1878063678741455	0.06856651604175568	0.4653163552284241	0.011162161827087402	0.009697407484054565	1.6039650440216064	1.6289737224578857	0.3582959771156311	0.5209594964981079	0.34624236822128296	0.8429631590843201	-0.007278621196746826	0.006815612316131592	0.3455188572406769	0.006805777549743652	-2.6792287826538086e-05	0.5368651747703552	0.44795846939086914	0.05605340003967285	0.5053783655166626	0.257231742143631	0.32329052686691284	0.09915459156036377	0.133784681558609	0.632137656211853	0.7696396112442017	0.09570378065109253	0.6132935285568237	0.8841272592544556	1.298093557357788	1.4130253791809082	0.9955234527587891	0.9431101679801941	0.9667358994483948	0.24130374193191528	0.17973965406417847	0.8799297213554382	0.24635016918182373	1.2528948783874512	0.3024718761444092	0.3843100070953369	0.40691328048706055	0.32001620531082153	0.15461254119873047	0.16031724214553833	0.8339414000511169	0.06171107292175293	0.28397175669670105	1.0000437498092651	0.2918287515640259	0.8816686868667603	0.339066743850708	0.2499510645866394	0.05788242816925049	0.07637149095535278	1.1440284252166748	1.1248302459716797	0.14442205429077148	0.038534633815288544	1.1039432287216187
4	0.003824383020401001	0.036609530448913574	0.06713008880615234	0.4501873254776001	0.03288939595222473	0.004272639751434326	1.5841490030288696	1.6282405853271484	0.04242938756942749	0.019763708114624023	0.12149977684020996	0.7953003644943237	0.0017183423042297363	0.01389610767364502	0.15816843509674072	0.012773394584655762	0.026886701583862305	0.13250768184661865	0.5777819156646729	9.47713851928711e-06	0.645315408706665	0.5277365446090698	0.5043944120407104	0.048756957054138184	0.08645129203796387	0.001172572374343872	0.014708757400512695	0.07686346769332886	0.3304063081741333	0.773817777633667	0.320522665977478	0.04729729890823364	0.01777327060699463	0.008099183440208435	0.040199458599090576	0.004365444183349609	0.0018360614776611328	-0.009522885084152222	-0.005964145064353943	0.30547797679901123	0.24999940395355225	0.487918496131897	0.5549753904342651	0.18246614933013916	0.09936189651489258	0.03155398368835449	0.024066925048828125	-0.0011540651321411133	0.013667583465576172	0.20539802312850952	0.004963397979736328	0.023597288876771927	0.1765788197517395	0.11197865009307861	0.012965619564056396	0.02494412660598755	0.11990946531295776	0.09816986322402954	0.0058372654020786285	0.008362412452697754	0.033514976501464844
8	0.024603605270385742	0.17191827297210693	0.09859585762023926	0.4555187225341797	0.020059823989868164	0.0023326873779296875	1.6243324279785156	1.7791146039962769	0.2500741481781006	0.08799004554748535	0.1871812343597412	0.9017703533172607	0.0011756420135498047	0.03741157054901123	0.2138805389404297	0.0031985044479370117	0.003954291343688965	0.5531362295150757	0.5587121248245239	0.01985347270965576	0.6070394515991211	0.8325984477996826	0.5527610778808594	0.07900968194007874	0.12712907791137695	0.3798867464065552	0.3753180503845215	0.11271202564239502	0.5770052671432495	0.5289193391799927	1.224090576171875	0.05244886875152588	0.06363284587860107	0.06784498691558838	0.1407233476638794	0.02727198600769043	0.013681411743164062	0.030285239219665527	0.0056154727935791016	1.2087907791137695	0.4453839659690857	0.40561556816101074	0.3955150842666626	0.2075040340423584	0.17335009574890137	0.02680206298828125	0.05338752269744873	0.009871840476989746	0.02257215976715088	0.7394611835479736	0.07093441486358643	0.03760182857513428	0.35438787937164307	0.1863553524017334	0.04849672317504883	0.08716440200805664	0.6568679809570312	0.7315237522125244	0.06070142984390259	0.08992397785186768	0.5728209018707275
2	0.2884194850921631	0.0826253890991211	0.10106182098388672	0.3061724603176117	0.014429092407226562	0.008249282836914062	1.4196360111236572	1.6618151664733887	0.12771058082580566	0.1531693935394287	0.17784905433654785	0.6364283561706543	0.005630970001220703	0.03204011917114258	0.1813039779663086	0.011198043823242188	0.008796453475952148	0.24657607078552246	0.4571113586425781	0.13821148872375488	0.5747396945953369	0.6886136531829834	0.45609498023986816	0.0811161994934082	0.13565540313720703	0.47585105895996094	0.5090525150299072	0.10245370864868164	0.4362967014312744	0.41350865364074707	1.0679070949554443	1.056814432144165	0.5919804573059082	0.6462273597717285	0.7361211776733398	0.03602004051208496	0.014955997467041016	0.46579933166503906	0.016393661499023438	1.1664447784423828	0.3135378360748291	0.3988306522369385	0.4721200466156006	0.19388794898986816	0.23667335510253906	0.0522608757019043	0.3847661018371582	0.036376237869262695	0.07056331634521484	0.8193702697753906	0.07512712478637695	0.04987835884094238	0.31582212448120117	0.22963595390319824	0.10543203353881836	0.17745184898376465	0.6644883155822754	0.738762378692627	0.0593106746673584	0.0641629695892334	0.6190574169158936
7	0.580539345741272	0.07936227321624756	0.07551896572113037	0.18880319595336914	0.008355855941772461	0.013858199119567871	1.5565943717956543	1.7939423322677612	0.2172003984451294	0.25936365127563477	0.22832655906677246	0.5813115835189819	0.007081806659698486	0.019225478172302246	0.2762279510498047	-0.004326820373535156	0.02169501781463623	0.20991790294647217	0.38992369174957275	0.028780579566955566	0.5570695400238037	0.5569645166397095	0.5114463567733765	0.17292118072509766	0.0480266809463501	0.00988180935382843	0.032322049140930176	0.15856605768203735	0.5529006719589233	0.6454803943634033	1.2355836629867554	1.0323301553726196	0.7042030096054077	0.6369377374649048	0.7542489767074585	0.0029507875442504883	-0.002178192138671875	0.5368973016738892	0.03025186061859131	1.3168541193008423	0.438909649848938	0.49160343408584595	0.5632791519165039	0.3523467779159546	0.1933140754699707	0.048256516456604004	0.21636557579040527	0.01898324489593506	0.022174835205078125	0.7838995456695557	0.0028160810470581055	0.00822758674621582	0.2217627763748169	0.3445730209350586	0.06380406022071838	0.05145621299743652	0.8865888118743896	0.7833850383758545	-0.0008298158645629883	-0.005275726318359375	0.8910578489303589
1	0.3453254699707031	0.07772749662399292	0.059912800788879395	0.07551276683807373	0.0017211437225341797	0.010477185249328613	1.320829153060913	1.4888743162155151	0.17534828186035156	0.0907660722732544	0.16812169551849365	0.2139497995376587	0.009981036186218262	0.004403591156005859	0.15537136793136597	0.0052258968353271484	0.013377189636230469	0.1942756175994873	0.1297750473022461	0.04977071285247803	0.3951714038848877	0.2712833881378174	0.35131990909576416	0.06293725967407227	0.03735637664794922	0.0038052797317504883	0.02130758762359619	0.13517868518829346	0.2808431386947632	0.44087374210357666	0.8761434555053711	1.0441333055496216	0.501534104347229	0.5073922872543335	0.5367599725723267	0.00388491153717041	-0.0040444135665893555	0.389462947845459	0.028442859649658203	0.8911910057067871	0.3321434259414673	0.3533165454864502	0.3699951171875	0.24075102806091309	0.16626107692718506	0.057587623596191406	0.2911505699157715	0.01874697208404541	0.05018925666809082	0.7543202638626099	-0.00033354759216308594	-0.006722450256347656	0.2798333168029785	0.2607961893081665	0.05783259868621826	0.05607259273529053	0.8638771772384644	0.8114194869995117	0.0002033710479736328	-0.008059263229370117	0.7388179302215576
16	0.10358726978302002	0.055167198181152344	0.04438638687133789	0.0302734375	-0.0013964176177978516	0.005368232727050781	1.6491649150848389	1.8360053300857544	0.11245059967041016	0.06804263591766357	0.08515596389770508	0.1972125768661499	0.02260279655456543	0.009684443473815918	0.057727694511413574	0.014745235443115234	0.017708301544189453	0.1771000623703003	0.11741030216217041	0.3803207278251648	0.21172738075256348	0.022115230560302734	0.18965327739715576	0.09871435165405273	0.03473472595214844	-0.003268718719482422	0.06691980361938477	0.15866875648498535	0.1821603775024414	0.16665005683898926	0.68538498878479	1.3643684387207031	0.8474992513656616	0.757601261138916	0.8124558925628662	0.004638195037841797	0.006350517272949219	0.5805705785751343	0.4249774217605591	0.7479417324066162	0.16817879676818848	0.30724453926086426	0.32360100746154785	0.2762622833251953	0.11973392963409424	0.07425045967102051	1.2404086589813232	0.03777289390563965	0.26293277740478516	0.8043484687805176	0.0005948543548583984	0.001268148422241211	0.2913365364074707	0.2945295572280884	0.0611269474029541	0.3377957344055176	0.8170701265335083	0.7212235927581787	-0.006893038749694824	-0.013848543167114258	0.7205426692962646
