8.856338262557983398e-01,-2.335028350353240967e-01
-3.766227662563323975e-01,-4.052311480045318604e-01
-4.134095907211303711e-01,-9.330231696367263794e-02
-3.091859817504882812e-01,7.661851644515991211e-01
-4.793156683444976807e-01,-1.912834644317626953e-01
4.129573702812194824e-01,-2.210716307163238525e-01
6.911036968231201172e-01,-2.263953536748886108e-01
6.593299508094787598e-01,-4.574779570102691650e-01
-7.107213735580444336e-01,2.461774200201034546e-01
5.924251675605773926e-01,-6.017242670059204102e-01
1.033613458275794983e-01,-5.631487965583801270e-01
-6.392655968666076660e-01,7.382957637310028076e-02
8.815623521804809570e-01,-1.850829720497131348e-01
-1.277977377176284790e-01,2.950285933911800385e-02
4.046231508255004883e-01,5.624027252197265625e-01
2.113278396427631378e-02,8.732177019119262695e-01
-6.778538823127746582e-01,-6.768657565116882324e-01
3.656124472618103027e-01,-4.456008970737457275e-01
7.846394926309585571e-02,8.881919980049133301e-01
2.825707793235778809e-01,4.366402029991149902e-01
-1.375044733285903931e-01,8.950461447238922119e-02
-6.348918080329895020e-01,-5.482056736946105957e-01
4.793305322527885437e-02,9.172579646110534668e-01
4.017405807971954346e-01,2.911062836647033691e-01
1.246314644813537598e-01,7.618160247802734375e-01
3.599719703197479248e-01,7.543513774871826172e-01
9.424040317535400391e-01,-1.341318041086196899e-01
-7.456139326095581055e-01,-4.182098805904388428e-01
-7.899558544158935547e-01,2.262463569641113281e-01
9.381092190742492676e-01,-1.394657194614410400e-01
-8.093595504760742188e-01,-4.379703700542449951e-01
-7.522221207618713379e-01,-2.521495521068572998e-01
-9.174963235855102539e-01,-3.039324581623077393e-01
-6.896829009056091309e-01,2.535624802112579346e-01
-7.015579342842102051e-01,3.729191049933433533e-02
2.476375252008438110e-01,6.175249218940734863e-01
-3.528933599591255188e-02,-2.822475731372833252e-01
6.113586425781250000e-01,-4.873179644346237183e-02
6.623475551605224609e-01,-4.454797208309173584e-01
-4.321628510951995850e-01,-6.749911308288574219e-01
4.726564884185791016e-01,-7.061740756034851074e-01
-4.269878864288330078e-01,-1.205087453126907349e-01
5.871853232383728027e-01,-5.127735137939453125e-01
-7.011267542839050293e-01,-1.581518095917999744e-03
7.538572698831558228e-02,7.997983694076538086e-01
-3.040609657764434814e-01,-6.932894587516784668e-01
9.764714837074279785e-01,-5.595707148313522339e-02
-5.125517845153808594e-01,6.250915527343750000e-01
4.319244623184204102e-01,-2.380127012729644775e-01
4.432818591594696045e-01,-1.004595607519149780e-01
-4.758742451667785645e-01,1.281643519178032875e-03
5.510053634643554688e-01,-4.517171978950500488e-01
-7.834722399711608887e-01,6.668648868799209595e-02
8.822835683822631836e-01,-1.936303079128265381e-01
-5.531762838363647461e-01,4.037987291812896729e-01
-6.382182836532592773e-01,-1.430494934320449829e-01
-9.450531750917434692e-02,4.744312465190887451e-01
2.470801919698715210e-01,-5.710354447364807129e-01
-7.803159952163696289e-01,-5.061159729957580566e-01
1.451322287321090698e-01,-1.039603576064109802e-01
-5.167253613471984863e-01,-1.234800964593887329e-01
-4.656891226768493652e-01,-1.703307479619979858e-01
8.351475596427917480e-01,-7.198356837034225464e-02
-7.874318361282348633e-01,2.091736793518066406e-01
-5.106329321861267090e-01,3.071865141391754150e-01
-5.158171653747558594e-01,-6.122352927923202515e-02
8.450982570648193359e-01,-1.210497543215751648e-01
-6.602208018302917480e-01,2.227595150470733643e-01
-1.593184098601341248e-02,3.167995810508728027e-01
-6.353285908699035645e-01,4.445418342947959900e-02
1.689927875995635986e-01,-6.983739137649536133e-01
1.796235591173171997e-01,-1.671872437000274658e-01
-7.178221940994262695e-01,-5.128749012947082520e-01
9.632811695337295532e-02,-5.293660759925842285e-01
8.756624460220336914e-01,3.071361184120178223e-01
-4.431891143321990967e-01,-6.984445452690124512e-01
-7.095299959182739258e-01,5.232002213597297668e-02
-3.753879666328430176e-01,-6.634920835494995117e-01
-6.329744458198547363e-01,-3.499658405780792236e-01
-7.570165395736694336e-01,-4.163171350955963135e-01
7.442474365234375000e-01,-3.631040155887603760e-01
-2.859307229518890381e-01,4.037893563508987427e-02
4.235182404518127441e-01,6.870333552360534668e-01
2.645570635795593262e-01,7.167065739631652832e-01
2.815701067447662354e-01,5.907563567161560059e-01
4.498815834522247314e-01,6.768008470535278320e-01
9.264001846313476562e-01,-1.601145416498184204e-01
7.891958951950073242e-01,2.090018428862094879e-02
3.021037280559539795e-01,3.189952671527862549e-01
-7.479630708694458008e-01,-4.998378753662109375e-01
-7.436423897743225098e-01,-2.514582574367523193e-01
-7.275906205177307129e-01,-5.457885861396789551e-01
-6.587789058685302734e-01,-5.359145402908325195e-01
-4.516609907150268555e-01,-5.995014905929565430e-01
5.849100947380065918e-01,-5.698003172874450684e-01
7.360230088233947754e-01,-3.669093549251556396e-02
-8.358380198478698730e-01,6.585903465747833252e-02
-2.630317211151123047e-02,5.057721138000488281e-01
-2.255587726831436157e-01,-3.360689878463745117e-01
-7.421531677246093750e-01,-4.370163977146148682e-01
5.246052145957946777e-01,6.815236210823059082e-01
-3.795390427112579346e-01,-1.547385305166244507e-01
-4.156407117843627930e-01,-1.419771611690521240e-01
-4.717726111412048340e-01,5.320928692817687988e-01
-6.988627314567565918e-01,2.521841824054718018e-01
-5.384041666984558105e-01,6.125472187995910645e-01
-7.446358203887939453e-01,-4.049822092056274414e-01
-7.907221913337707520e-01,2.037100195884704590e-01
-6.163221597671508789e-01,-5.466134548187255859e-01
-2.315293624997138977e-02,-1.982292234897613525e-01
9.449262022972106934e-01,-1.135827079415321350e-01
-1.483263224363327026e-01,5.214920639991760254e-01
1.068329885601997375e-01,8.109601140022277832e-01
6.500056385993957520e-02,-2.495949864387512207e-01
-5.548841953277587891e-01,-1.026914864778518677e-01
6.617106795310974121e-01,3.703543543815612793e-02
9.174181222915649414e-01,-1.701187789440155029e-01
9.501035809516906738e-01,1.358844190835952759e-01
-4.920338839292526245e-02,7.411454916000366211e-01
-4.287219047546386719e-01,4.924345314502716064e-01
-3.821685016155242920e-01,-4.854500591754913330e-01
-3.076572418212890625e-01,7.062519192695617676e-01
-1.067086458206176758e-01,9.830631315708160400e-02
9.139124751091003418e-01,-1.761364638805389404e-01
-7.256898283958435059e-01,5.690161585807800293e-01
2.958547174930572510e-01,8.942190408706665039e-01
9.531280994415283203e-01,-1.038500145077705383e-01
5.964701771736145020e-01,-4.299586638808250427e-02
4.874046146869659424e-01,-2.284424155950546265e-01
-1.007228568196296692e-01,7.329816371202468872e-02
9.406418800354003906e-01,-1.295878589153289795e-01
-5.514966249465942383e-01,2.241416126489639282e-01
-7.583752274513244629e-01,-3.884855210781097412e-01
-6.236385107040405273e-01,3.428300023078918457e-01
-5.560997724533081055e-01,-6.009160280227661133e-01
-1.842115521430969238e-01,8.060377240180969238e-01
-5.253124237060546875e-01,3.723848462104797363e-01
3.534801676869392395e-02,-4.572001099586486816e-01
9.092801809310913086e-01,-1.867582350969314575e-01
-8.170933127403259277e-01,-4.295314848423004150e-01
1.436276435852050781e-01,-6.580845713615417480e-01
9.243226051330566406e-01,-1.527112722396850586e-01
5.941281914710998535e-01,-3.517591357231140137e-01
1.046421080827713013e-01,-5.135561227798461914e-01
5.918703228235244751e-02,8.352914452552795410e-01
4.928487539291381836e-01,4.094821512699127197e-01
-2.503288388252258301e-01,6.209430098533630371e-01
-4.800010025501251221e-01,-6.810382604598999023e-01
7.157340049743652344e-01,-4.089023470878601074e-01
-6.693246960639953613e-01,-5.581632256507873535e-01
8.619338870048522949e-01,-1.647482812404632568e-01
9.308864474296569824e-01,-1.189918443560600281e-01
8.681603074073791504e-01,-2.616669237613677979e-01
-3.596103489398956299e-01,1.789855770766735077e-02
-5.838024616241455078e-01,4.085926711559295654e-01
7.513220310211181641e-01,-3.806202411651611328e-01
-3.455431163311004639e-01,1.865127384662628174e-01
8.792852759361267090e-01,-2.142272591590881348e-01
5.756179690361022949e-01,-3.966526389122009277e-01
-9.691572189331054688e-02,7.081893682479858398e-01
-6.693021953105926514e-02,1.286648213863372803e-01
-4.857110977172851562e-01,-9.118586778640747070e-02
9.069241583347320557e-02,2.354121506214141846e-01
-3.260409533977508545e-01,4.964678883552551270e-01
-2.409486025571823120e-01,7.590166926383972168e-01
-4.987490475177764893e-01,-6.751296520233154297e-01
3.909411430358886719e-01,-4.166697859764099121e-01
-7.124790549278259277e-01,-1.671744883060455322e-02
-2.524297535419464111e-01,3.798823952674865723e-01
-4.235790669918060303e-01,-6.348396539688110352e-01
-1.332965940237045288e-01,-3.246712982654571533e-01
3.032622337341308594e-01,7.149155139923095703e-01
-7.232563495635986328e-01,-5.276502370834350586e-01
8.583145141601562500e-01,2.714706957340240479e-01
9.483249187469482422e-01,-1.281134635210037231e-01
7.266014814376831055e-02,8.602426052093505859e-01
-6.803429126739501953e-01,1.819525212049484253e-01
8.065083026885986328e-01,-3.218418061733245850e-01
-1.803304553031921387e-01,6.988579630851745605e-01
1.207757070660591125e-01,-5.901305079460144043e-01
-5.908893346786499023e-01,-1.673459708690643311e-01
4.706407785415649414e-01,-4.404150843620300293e-01
8.810669183731079102e-02,6.886176019906997681e-02
8.647311329841613770e-01,-1.672978997230529785e-01
-4.343682825565338135e-01,-6.222372651100158691e-01
-1.488424837589263916e-01,5.034136176109313965e-01
-4.817298054695129395e-01,1.934845149517059326e-01
6.012858748435974121e-01,-5.845225453376770020e-01
-3.868996500968933105e-01,5.761895179748535156e-01
-3.052816689014434814e-01,-8.152288198471069336e-01
5.847866535186767578e-01,-2.368910312652587891e-01
6.677372455596923828e-01,-4.315536022186279297e-01
3.784615397453308105e-01,6.683771610260009766e-01
2.871393561363220215e-01,-4.520516395568847656e-01
8.139166235923767090e-01,-3.127940297126770020e-01
6.585298776626586914e-01,-5.048100352287292480e-01
-3.910138010978698730e-01,-1.078293174505233765e-01
2.587445080280303955e-01,8.005608916282653809e-01
-4.974221587181091309e-01,-4.846590012311935425e-02
-7.031796574592590332e-01,-5.494199395179748535e-01
6.018788218498229980e-01,-5.778657197952270508e-01
4.098709523677825928e-01,2.569843828678131104e-01
-3.730940818786621094e-01,-7.079815268516540527e-01
9.065852165222167969e-01,-1.828277707099914551e-01
-9.042110443115234375e-01,-3.239858150482177734e-01
-3.833151459693908691e-01,-3.656374812126159668e-01
-7.396150827407836914e-01,2.763431668281555176e-01
-9.398291260004043579e-02,7.242136597633361816e-01
6.579515933990478516e-01,-2.346159517765045166e-01
7.438173890113830566e-01,-3.789080083370208740e-01
1.210788339376449585e-01,-5.749076232314109802e-02
8.839660882949829102e-01,-1.648186296224594116e-01
1.042539030313491821e-01,-5.413227677345275879e-01
-1.774712502956390381e-01,-8.356994390487670898e-01
-4.288392663002014160e-01,-6.440101861953735352e-01
-9.250648617744445801e-01,-3.049911260604858398e-01
5.041535496711730957e-01,-1.552398055791854858e-01
-6.174890398979187012e-01,-3.575054109096527100e-01
4.627627134323120117e-01,-5.988363176584243774e-02
5.691400766372680664e-01,6.003286242485046387e-01
1.653057038784027100e-01,-6.977171301841735840e-01
-5.430991053581237793e-01,-3.544839918613433838e-01
-4.983167946338653564e-01,-1.765864342451095581e-01
4.335817694664001465e-01,-2.003846615552902222e-01
5.332699418067932129e-01,-3.520222604274749756e-01
-6.775093674659729004e-01,-5.394371151924133301e-01
-5.268236994743347168e-01,-6.431719660758972168e-01
-6.407700181007385254e-01,2.759813070297241211e-01
-5.875275731086730957e-01,2.852973639965057373e-01
8.946779370307922363e-01,-8.411935716867446899e-02
7.798171639442443848e-01,-2.595472037792205811e-01
-3.885816037654876709e-01,8.596771359443664551e-01
-3.245610892772674561e-01,9.275134205818176270e-01
8.351027965545654297e-01,-2.784910202026367188e-01
9.595287442207336426e-01,-8.928865939378738403e-02
9.237374067306518555e-01,-5.037888512015342712e-02
-1.279783993959426880e-01,3.037849441170692444e-02
-6.011071801185607910e-01,1.932451725006103516e-01
-5.978669524192810059e-01,-8.661226183176040649e-02
4.131277799606323242e-01,-2.958625555038452148e-01
4.439682066440582275e-01,-8.343333005905151367e-01
-6.738188266754150391e-01,2.395602166652679443e-01
-3.108638823032379150e-01,-6.838474869728088379e-01
-6.696984171867370605e-01,-5.253090262413024902e-01
-6.022480130195617676e-01,-5.028722286224365234e-01
-1.003537252545356750e-01,4.860076904296875000e-01
-2.069406397640705109e-02,2.076735049486160278e-01
4.111423715949058533e-02,8.650212883949279785e-01
9.043877124786376953e-01,-1.341870874166488647e-01
9.403984546661376953e-01,-1.255128532648086548e-01
-2.214526087045669556e-01,4.710405468940734863e-01
-7.121320366859436035e-01,7.372823357582092285e-02
3.251690268516540527e-01,6.592902541160583496e-01
8.942617177963256836e-01,-1.758548915386199951e-01
-6.174547672271728516e-01,3.619204163551330566e-01
-9.209738373756408691e-01,-3.084201812744140625e-01
-6.476226449012756348e-01,-5.715646147727966309e-01
-9.297479987144470215e-01,-2.959024608135223389e-01
1.035891100764274597e-01,-5.913160443305969238e-01
-7.789743542671203613e-01,2.238465398550033569e-01
7.564061880111694336e-01,6.204093098640441895e-01
2.544514536857604980e-01,-3.985478281974792480e-01
5.667909979820251465e-01,-5.869672298431396484e-01
-6.808789372444152832e-01,1.126412004232406616e-01
-7.839235067367553711e-01,2.078553140163421631e-01
-5.990507602691650391e-01,-5.203856229782104492e-01
2.075472772121429443e-01,7.236458063125610352e-01
5.250598788261413574e-01,-5.891390442848205566e-01
-4.084518551826477051e-01,-6.623670458793640137e-01
-8.820667862892150879e-01,-3.557723760604858398e-01
8.310047984123229980e-01,-2.545170485973358154e-01
3.346323966979980469e-01,-3.300503790378570557e-01
-4.328991472721099854e-01,-9.167667478322982788e-02
-4.955120086669921875e-01,-1.973138004541397095e-01
6.620538830757141113e-01,-5.287926793098449707e-01
-3.678326904773712158e-01,-6.827666759490966797e-01
-3.604878783226013184e-01,-7.456831932067871094e-01
-7.985318303108215332e-01,-4.509142935276031494e-01
-2.778907120227813721e-01,-1.569721549749374390e-01
-7.406414151191711426e-01,-4.169149994850158691e-01
-6.761048436164855957e-01,-5.473026633262634277e-01
9.369387030601501465e-01,-7.639291137456893921e-02
-1.121807843446731567e-01,-1.579774171113967896e-01
-7.063873410224914551e-01,6.762942075729370117e-01
-6.190628409385681152e-01,-3.218324482440948486e-01
-6.161093339323997498e-02,4.173442125320434570e-01
8.706783652305603027e-01,-1.488826423883438110e-01
-6.557378172874450684e-01,3.237276524305343628e-02
-9.220426082611083984e-01,-2.957203984260559082e-01
9.348524212837219238e-01,-4.556005448102951050e-02
-7.401282191276550293e-01,-3.388438224792480469e-01
8.023664951324462891e-01,-3.147632181644439697e-01
-4.776167571544647217e-01,-6.088797450065612793e-01
4.355578720569610596e-01,7.893986105918884277e-01
-7.631132602691650391e-01,-4.910805523395538330e-01
8.059762716293334961e-01,-3.244763612747192383e-01
4.124195277690887451e-01,7.559869885444641113e-01
9.353196024894714355e-01,-2.561906576156616211e-01
1.799159944057464600e-01,5.675237774848937988e-01
2.171515673398971558e-01,-7.194016575813293457e-01
-7.713760137557983398e-01,-1.917002797126770020e-01
-5.177168846130371094e-01,6.729589104652404785e-01
-4.342776834964752197e-01,-6.454308629035949707e-01
8.613008260726928711e-01,-2.593414485454559326e-01
-2.823335230350494385e-01,-8.696915507316589355e-01
3.793705105781555176e-01,7.381195425987243652e-01
5.751504898071289062e-01,-5.870738625526428223e-01
-6.080595850944519043e-01,2.705434858798980713e-01
-7.948586940765380859e-01,-4.417850971221923828e-01
5.881298780441284180e-01,-5.742335915565490723e-01
2.883232235908508301e-01,7.180321812629699707e-01
-7.522370815277099609e-01,-2.524263858795166016e-01
-8.880238980054855347e-02,-6.233021020889282227e-01
-1.668923795223236084e-01,1.079542115330696106e-01
6.619412302970886230e-01,-5.110709667205810547e-01
5.558314323425292969e-01,3.037465810775756836e-01
-1.219812929630279541e-01,4.747963249683380127e-01
-4.402936100959777832e-01,-1.560817658901214600e-01
-2.954649627208709717e-01,4.340914487838745117e-01
-4.464962482452392578e-01,-6.212559342384338379e-01
9.099833369255065918e-01,-5.867961794137954712e-02
5.244539976119995117e-01,4.860523641109466553e-01
-5.909466743469238281e-01,-1.681227385997772217e-01
-6.899556517601013184e-01,-2.073117345571517944e-01
-2.215775251388549805e-01,4.710353016853332520e-01
9.399795532226562500e-01,-1.521240323781967163e-01
-6.429097652435302734e-01,2.369238287210464478e-01
-3.435035943984985352e-01,7.954769730567932129e-01
4.322174191474914551e-01,-8.579447865486145020e-01
8.952189087867736816e-01,-7.706057280302047729e-02
-4.867157936096191406e-01,-6.854016780853271484e-01
6.038900613784790039e-01,9.231279604136943817e-03
6.281210482120513916e-02,8.772614002227783203e-01
-1.738917082548141479e-01,3.815524578094482422e-01
6.136679649353027344e-02,8.856060504913330078e-01
5.621676445007324219e-01,7.991275787353515625e-01
-6.510398983955383301e-01,-1.825069487094879150e-01
-2.692187130451202393e-01,5.282928943634033203e-01
-1.839253902435302734e-01,-1.602573990821838379e-01
-3.435848355293273926e-01,-6.977953314781188965e-01
-3.039265573024749756e-01,5.494517683982849121e-01
-4.147454202175140381e-01,-1.631989330053329468e-01
7.137066125869750977e-01,-3.931529223918914795e-01
-6.150124669075012207e-01,-5.371409654617309570e-01
-3.068681061267852783e-01,-6.921261548995971680e-01
4.710454344749450684e-01,-3.601846992969512939e-01
-7.586393952369689941e-01,-4.992723166942596436e-01
4.689021781086921692e-02,-3.102403581142425537e-01
8.085864186286926270e-01,3.150688484311103821e-02
-6.947766542434692383e-01,-7.032887637615203857e-02
9.127166271209716797e-01,-5.288502946496009827e-02
8.639909029006958008e-01,-9.060375392436981201e-02
5.582235455513000488e-01,-5.569815635681152344e-01
-9.332699775695800781e-01,1.704685837030410767e-01
-7.221330404281616211e-01,7.136583328247070312e-02
-3.123804330825805664e-01,-7.961326837539672852e-01
-7.521204352378845215e-01,-2.523157894611358643e-01
2.789230048656463623e-01,3.271965384483337402e-01
-7.367194890975952148e-01,2.615007460117340088e-01
2.312844842672348022e-01,-2.650196552276611328e-01
9.330121278762817383e-01,-1.288122832775115967e-01
-7.616282105445861816e-01,1.809113919734954834e-01
8.757634758949279785e-01,-1.696015447378158569e-01
-4.303659498691558838e-01,2.511473596096038818e-01
9.216747879981994629e-01,-1.080064252018928528e-01
-3.297678828239440918e-01,7.687040567398071289e-01
7.484070211648941040e-02,8.815515637397766113e-01
-1.388654559850692749e-01,8.219553232192993164e-01
-5.466204285621643066e-01,2.604582905769348145e-01
-2.722952663898468018e-01,7.410176396369934082e-01
-3.387498855590820312e-01,2.759658992290496826e-01
-4.384383559226989746e-01,2.547786235809326172e-01
7.090822458267211914e-01,-3.594507575035095215e-01
-8.122280240058898926e-01,1.559336781501770020e-01
6.319034695625305176e-01,-5.645681023597717285e-01
-7.804941534996032715e-01,-5.956721305847167969e-01
4.428478777408599854e-01,-3.044425249099731445e-01
-5.274578928947448730e-01,4.145429730415344238e-01
-6.806015372276306152e-01,1.382271051406860352e-01
5.643005371093750000e-01,5.457032322883605957e-01
4.127268493175506592e-02,-3.569340109825134277e-01
-1.633984893560409546e-01,-8.065065741539001465e-01
-6.887607574462890625e-01,-5.420649647712707520e-01
6.095384433865547180e-02,-4.448128938674926758e-01
2.793021798133850098e-01,2.003822177648544312e-01
6.030382513999938965e-01,-5.654118657112121582e-01
-6.460925936698913574e-01,3.069023489952087402e-01
-2.802816629409790039e-01,6.250704526901245117e-01
3.182404935359954834e-01,3.112827241420745850e-01
-6.707929372787475586e-01,3.049524724483489990e-01
3.244108520448207855e-03,1.717226058244705200e-01
3.003633022308349609e-01,1.895535141229629517e-01
-5.685932040214538574e-01,-8.495558053255081177e-02
-8.321216702461242676e-01,5.122009664773941040e-02
-7.660264968872070312e-01,-5.005677342414855957e-01
9.326121807098388672e-01,-1.696557104587554932e-01
-7.123830318450927734e-01,4.846267402172088623e-02
-4.239625632762908936e-01,-1.006650626659393311e-01
-6.300940513610839844e-01,-4.851610064506530762e-01
7.151458859443664551e-01,-3.487928211688995361e-01
-1.773959100246429443e-01,1.158112809062004089e-01
5.552334785461425781e-01,7.913065552711486816e-01
3.733553364872932434e-02,1.327575892210006714e-01
8.904703259468078613e-01,-1.283431798219680786e-01
6.612521409988403320e-01,-8.532722294330596924e-02
-7.899475693702697754e-01,-4.490157961845397949e-01
6.544600129127502441e-01,-5.553567409515380859e-01
2.157891839742660522e-01,-1.868645399808883667e-01
-4.140892624855041504e-01,-1.060203462839126587e-01
-2.060088813304901123e-01,5.756320357322692871e-01
-7.715953588485717773e-01,-4.918835163116455078e-01
-3.022609949111938477e-01,-8.192523717880249023e-01
3.309568390250205994e-03,8.809155225753784180e-01
9.054274559020996094e-01,-1.710543185472488403e-01
-3.410927653312683105e-01,7.893938422203063965e-01
-4.436151087284088135e-01,-3.046349622309207916e-02
8.958090543746948242e-01,-1.218743994832038879e-01
-7.037521004676818848e-01,4.426743462681770325e-02
-5.033904910087585449e-01,-7.856684923171997070e-02
6.511371135711669922e-01,-3.483656346797943115e-01
-6.560980081558227539e-01,1.883880645036697388e-01
8.612925410270690918e-01,-2.412985414266586304e-01
9.002295732498168945e-01,-1.751485019922256470e-01
4.717257320880889893e-01,1.338874399662017822e-01
9.601648449897766113e-01,-1.143731027841567993e-01
-6.100931167602539062e-01,-1.903151869773864746e-01
-8.213543891906738281e-01,5.670164898037910461e-02
4.892580211162567139e-02,9.223131537437438965e-01
4.834483265876770020e-01,-6.582936644554138184e-02
-6.801948547363281250e-01,-7.991189509630203247e-02
-7.232952117919921875e-01,-5.800203680992126465e-01
5.779640674591064453e-01,-5.421870946884155273e-01
-7.830629944801330566e-01,-5.224327445030212402e-01
-6.021118164062500000e-01,-5.307390093803405762e-01
-7.986324429512023926e-01,-4.432823956012725830e-01
9.250493645668029785e-01,-4.671190679073333740e-02
3.793679177761077881e-01,6.543506979942321777e-01
6.800521016120910645e-01,-6.051297783851623535e-01
6.451361179351806641e-01,-2.922058701515197754e-01
5.735017657279968262e-01,-6.058905720710754395e-01
-6.159473657608032227e-01,2.604700922966003418e-01
-7.529599666595458984e-01,-2.617038190364837646e-01
-7.422527670860290527e-01,-2.436976432800292969e-01
-8.112570643424987793e-01,-5.442802309989929199e-01
-4.066190123558044434e-01,-1.032307967543601990e-01
4.768932610750198364e-02,-4.473395347595214844e-01
8.300670385360717773e-01,-3.597124293446540833e-02
-3.622049093246459961e-01,-7.386436462402343750e-01
9.544016718864440918e-01,-1.102202758193016052e-01
-5.500259343534708023e-03,8.253559470176696777e-01
5.427457094192504883e-01,-3.884834945201873779e-01
5.929563194513320923e-02,8.991742730140686035e-01
8.963726162910461426e-01,-1.563023328781127930e-01
7.693733572959899902e-01,-2.021964937448501587e-01
-2.840486466884613037e-01,2.465424239635467529e-01
-1.652063280344009399e-01,3.336267080157995224e-03
8.979296088218688965e-01,-2.257202267646789551e-01
8.482462167739868164e-01,4.616226255893707275e-01
-6.246723979711532593e-02,6.504550576210021973e-01
2.334236353635787964e-01,8.360348343849182129e-01
8.928593397140502930e-01,-1.880982518196105957e-01
4.470626413822174072e-01,7.008696198463439941e-01
-7.426912188529968262e-01,-4.310263097286224365e-01
-3.391451835632324219e-01,-7.641789913177490234e-01
-4.450361132621765137e-01,-6.423044800758361816e-01
5.471550822257995605e-01,6.180859208106994629e-01
-6.704839468002319336e-01,1.005207523703575134e-01
-4.697356224060058594e-01,-1.676936894655227661e-01
4.504318535327911377e-01,-3.399929702281951904e-01
-5.427497625350952148e-02,6.593512892723083496e-01
-8.389286696910858154e-02,7.267987132072448730e-01
-3.286492824554443359e-01,-4.142967462539672852e-01
9.040195941925048828e-01,-1.910000592470169067e-01
8.567785620689392090e-01,-2.119602560997009277e-01
-3.838943243026733398e-01,-5.809164047241210938e-01
1.868612468242645264e-01,-7.952126860618591309e-01
7.835030555725097656e-02,8.409576416015625000e-01
-7.490741461515426636e-02,2.540395259857177734e-01
-7.521824836730957031e-01,-2.524148225784301758e-01
7.005683779716491699e-01,-4.154715836048126221e-01
-7.743402123451232910e-01,2.251126766204833984e-01
-3.830111622810363770e-01,-1.915083825588226318e-01
3.002957440912723541e-02,-3.190164864063262939e-01
-1.206878423690795898e-01,4.410351216793060303e-01
-6.885801553726196289e-01,-5.860912203788757324e-01
9.374592900276184082e-01,-1.433213204145431519e-01
3.106536157429218292e-02,8.560565710067749023e-01
1.671262830495834351e-01,7.855665683746337891e-01
-3.986011445522308350e-01,-3.170943558216094971e-01
-5.260909795761108398e-01,6.958575248718261719e-01
-5.013235807418823242e-01,-1.510840505361557007e-01
-7.507454752922058105e-01,-3.466756045818328857e-01
-1.702297627925872803e-01,8.305128812789916992e-01
4.339996874332427979e-01,8.013466596603393555e-01
-7.887499332427978516e-01,-4.686029255390167236e-01
5.236933473497629166e-03,4.324775934219360352e-01
1.603902876377105713e-01,-6.614009141921997070e-01
1.913504600524902344e-01,-7.821444272994995117e-01
-7.564443945884704590e-01,-3.534110784530639648e-01
-4.932889342308044434e-01,-4.865577518939971924e-01
-6.655062437057495117e-01,9.403078258037567139e-02
3.917786478996276855e-01,6.218797564506530762e-01
9.221509099006652832e-01,-4.532395303249359131e-02
2.443843483924865723e-01,-5.618561506271362305e-01
-7.038317918777465820e-01,-5.877580046653747559e-01
4.429423511028289795e-01,7.396535873413085938e-01
-6.792666316032409668e-01,-8.878129720687866211e-02
6.336447596549987793e-01,-5.446457266807556152e-01
1.013325899839401245e-01,-5.210373997688293457e-01
-3.432980477809906006e-01,1.447551101446151733e-01
4.263223111629486084e-01,7.765803933143615723e-01
5.720392465591430664e-01,-3.687063455581665039e-01
-4.970336258411407471e-01,-6.869070529937744141e-01
-6.095876693725585938e-01,2.073512673377990723e-01
2.498460561037063599e-01,2.862902879714965820e-01
9.693217873573303223e-01,-9.913097321987152100e-02
-4.583018124103546143e-01,-6.275515556335449219e-01
-7.354627251625061035e-01,-5.037214159965515137e-01
5.795782804489135742e-01,-5.217072963714599609e-01
1.161940172314643860e-01,-5.552699044346809387e-02
1.710456907749176025e-01,-6.184108853340148926e-01
8.494123220443725586e-01,-1.334232836961746216e-01
-7.345297932624816895e-01,1.322079747915267944e-01
5.705963447690010071e-02,3.765862584114074707e-01
6.854530572891235352e-01,-4.566574692726135254e-01
4.738437756896018982e-02,-2.348116636276245117e-01
-1.627976447343826294e-01,8.383108377456665039e-01
1.234989166259765625e-01,-5.533340573310852051e-02
-3.022191524505615234e-01,5.714305043220520020e-01
3.990579843521118164e-01,6.598030924797058105e-01
-4.769479036331176758e-01,-4.952500462532043457e-01
7.774332910776138306e-02,-5.679573416709899902e-01
-5.446621179580688477e-01,3.317044675350189209e-01
-3.273841142654418945e-01,-7.282099723815917969e-01
-4.046341478824615479e-01,-5.124375820159912109e-01
-6.531752347946166992e-01,-3.580782935023307800e-02
-6.588434576988220215e-01,-2.074744254350662231e-01
4.306259155273437500e-01,-8.425818085670471191e-01
6.237582564353942871e-01,-5.714997649192810059e-01
1.751916259527206421e-01,1.844784170389175415e-01
-4.884509146213531494e-01,9.374874085187911987e-02
-2.333227545022964478e-01,-1.594474017620086670e-01
1.795182377099990845e-01,-7.081229686737060547e-01
-1.953228861093521118e-01,9.203991293907165527e-01
-7.852827012538909912e-02,-1.489941030740737915e-01
-6.062041521072387695e-01,5.142259001731872559e-01
4.359638094902038574e-01,2.397047579288482666e-01
-6.208550333976745605e-01,-5.583671927452087402e-01
-7.770681381225585938e-01,-4.864567518234252930e-01
3.109929561614990234e-01,3.196622133255004883e-01
4.357848763465881348e-01,6.593601107597351074e-01
7.914225459098815918e-01,-1.082406267523765564e-01
6.004431247711181641e-01,-4.291732981801033020e-02
9.640579223632812500e-01,-1.134372279047966003e-01
-8.076771348714828491e-02,7.270008325576782227e-01
-6.607207059860229492e-01,1.895285099744796753e-01
-3.063610792160034180e-01,4.845932424068450928e-01
8.798789381980895996e-01,-1.350699067115783691e-01
-7.562536597251892090e-01,2.124726325273513794e-01
-2.218192070722579956e-01,7.472022175788879395e-01
-4.953019022941589355e-01,-6.604956984519958496e-01
-5.910244584083557129e-01,4.288844764232635498e-01
-6.843247413635253906e-01,-5.496087074279785156e-01
-5.142018198966979980e-01,5.226904898881912231e-02
-6.989808678627014160e-01,3.209387883543968201e-02
-7.105153799057006836e-01,4.514860361814498901e-02
6.742227077484130859e-01,-6.410675048828125000e-01
4.357387125492095947e-01,-7.840223908424377441e-01
-3.962788283824920654e-01,4.221824407577514648e-01
1.248496770858764648e-01,6.659000366926193237e-02
5.093977451324462891e-01,-1.464640498161315918e-01
-4.153233468532562256e-01,-3.025423176586627960e-02
-4.322261512279510498e-01,2.512197196483612061e-01
9.319334030151367188e-01,-1.367727965116500854e-01
-6.824811100959777832e-01,-5.545357465744018555e-01
-8.874781727790832520e-01,-3.400713503360748291e-01
1.515812426805496216e-01,-5.683746337890625000e-01
7.169011831283569336e-01,-1.803257763385772705e-01
3.800825178623199463e-01,7.001317739486694336e-01
6.384443640708923340e-01,-3.249886911362409592e-03
8.408282399177551270e-01,-2.620465755462646484e-01
-3.617692291736602783e-01,-1.342014819383621216e-01
-6.190441846847534180e-01,-1.668882220983505249e-01
-7.079326510429382324e-01,-4.782311022281646729e-01
9.402869343757629395e-01,-1.132091060280799866e-01
4.127476811408996582e-01,-1.635341644287109375e-01
-2.605226337909698486e-01,7.836634516716003418e-01
5.912845730781555176e-01,1.007936522364616394e-02
1.265759915113449097e-01,2.935806214809417725e-01
-4.006359279155731201e-01,1.702296286821365356e-01
1.969812661409378052e-01,-8.380194306373596191e-01
4.862879216670989990e-01,-5.750526785850524902e-01
4.694254696369171143e-01,-8.202805370092391968e-02
-3.178293704986572266e-01,-7.334840893745422363e-01
7.136499285697937012e-01,-3.826137781143188477e-01
9.819586277008056641e-01,-1.132798492908477783e-01
-5.942829251289367676e-01,2.851177453994750977e-01
1.973942220211029053e-01,-8.390026688575744629e-01
5.848917365074157715e-01,-5.584881305694580078e-01
1.942834556102752686e-01,-8.604835867881774902e-01
-3.686581254005432129e-01,-6.968731880187988281e-01
-2.333887070417404175e-01,3.046832084655761719e-01
-8.034883737564086914e-01,1.700363755226135254e-01
5.640116333961486816e-01,-5.985598564147949219e-01
3.469069302082061768e-02,-7.763186097145080566e-01
-3.830378055572509766e-01,-7.392137646675109863e-01
6.555930376052856445e-01,-4.770726859569549561e-01
-2.021765112876892090e-01,5.737038850784301758e-01
-2.382043153047561646e-01,-7.618902325630187988e-01
-8.404979705810546875e-01,-4.924566745758056641e-01
-4.008718132972717285e-01,-6.618633866310119629e-01
3.810287639498710632e-02,7.835388779640197754e-01
3.295495733618736267e-02,9.074046611785888672e-01
9.180932044982910156e-01,-1.752647757530212402e-01
6.815170049667358398e-01,-5.647698044776916504e-01
-1.509663760662078857e-01,8.390036225318908691e-01
7.014902830123901367e-01,-2.194309830665588379e-01
9.085256457328796387e-01,-1.516646295785903931e-01
9.452625513076782227e-01,-1.423227787017822266e-01
-4.269606769084930420e-01,-6.374794840812683105e-01
-7.060726284980773926e-01,-5.721218585968017578e-01
4.624978899955749512e-01,-4.895624816417694092e-01
8.501372933387756348e-01,-2.140588909387588501e-01
-7.123560905456542969e-01,1.011139079928398132e-01
8.537955880165100098e-01,4.720796644687652588e-01
-3.020797073841094971e-01,-8.185915946960449219e-01
-7.920267432928085327e-02,-4.768658876419067383e-01
5.983601212501525879e-01,-4.797398149967193604e-01
4.840561747550964355e-02,9.101495146751403809e-01
-3.796730041503906250e-01,-1.411054879426956177e-01
3.199078440666198730e-01,1.074664890766143799e-01
-4.375754892826080322e-01,2.529263198375701904e-01
1.143378987908363342e-01,-6.047281026840209961e-01
6.248445510864257812e-01,-4.729484021663665771e-01
4.167635738849639893e-01,7.729262113571166992e-01
4.364002943038940430e-01,7.560963034629821777e-01
5.642062798142433167e-02,8.512488007545471191e-01
-6.895344257354736328e-01,-6.017441749572753906e-01
5.944349169731140137e-01,4.976944327354431152e-01
-4.072369933128356934e-01,5.162684917449951172e-01
9.002922177314758301e-01,-1.622227877378463745e-01
4.823484122753143311e-01,-5.360028147697448730e-01
-4.162295162677764893e-01,-5.614126920700073242e-01
-6.396619677543640137e-01,-3.246026635169982910e-01
-6.398552656173706055e-01,-4.711052477359771729e-01
-7.260603308677673340e-01,6.006033718585968018e-02
9.371117353439331055e-01,-1.514885574579238892e-01
-7.556886076927185059e-01,-4.944806098937988281e-01
-6.345956325531005859e-01,-3.548401892185211182e-01
3.879108466207981110e-03,-5.747512727975845337e-02
-6.937717199325561523e-01,-5.599065423011779785e-01
8.171976804733276367e-01,-3.209131360054016113e-01
-4.071965217590332031e-01,-1.075493823736906052e-02
5.610267519950866699e-01,-4.265983402729034424e-01
-3.985188901424407959e-01,-5.364069938659667969e-01
-8.423558473587036133e-01,-4.060070514678955078e-01
9.452116489410400391e-01,-1.331983208656311035e-01
4.121368825435638428e-01,4.901096224784851074e-01
3.131140395998954773e-02,8.713347911834716797e-01
-5.094841122627258301e-01,-1.330322865396738052e-02
7.194052934646606445e-01,-3.870703279972076416e-01
2.152637019753456116e-02,4.950828552246093750e-01
-6.031457781791687012e-01,2.874239087104797363e-01
4.266361296176910400e-01,7.915318608283996582e-01
-2.666626572608947754e-01,5.344273447990417480e-01
4.396794438362121582e-01,8.083947896957397461e-01
3.647250533103942871e-01,3.834801316261291504e-01
-8.626711964607238770e-01,-1.644553393125534058e-01
-6.517851352691650391e-01,-5.353324413299560547e-01
9.637159705162048340e-01,-1.007206290960311890e-01
9.360615015029907227e-01,-1.307210773229598999e-01
5.272499322891235352e-01,-6.092560291290283203e-01
-4.644039273262023926e-01,-1.708916723728179932e-01
-1.835260167717933655e-02,4.932822883129119873e-01
9.337940812110900879e-01,-9.455167502164840698e-02
-7.355291843414306641e-01,-5.256828665733337402e-01
-5.012082457542419434e-01,4.071650505065917969e-01
-3.056164085865020752e-01,4.183445870876312256e-01
9.289273023605346680e-01,-1.232313886284828186e-01
-1.121136173605918884e-01,7.311472892761230469e-01
-7.082477807998657227e-01,3.072858750820159912e-01
3.560843169689178467e-01,8.353593200445175171e-02
1.199909001588821411e-01,-2.013837546110153198e-01
-3.427681624889373779e-01,3.065577149391174316e-01
-6.356474161148071289e-01,-3.222084045410156250e-01
6.102803349494934082e-01,-1.793564297258853912e-02
6.942507028579711914e-01,-4.115185439586639404e-01
-5.795806646347045898e-01,2.759091854095458984e-01
-7.250279188156127930e-01,-3.694846928119659424e-01
-3.020793497562408447e-01,-8.185780048370361328e-01
7.483851909637451172e-01,1.687256619334220886e-03
8.055348694324493408e-02,6.834245324134826660e-01
4.396807551383972168e-01,8.083984255790710449e-01
-4.372160732746124268e-01,-1.601748764514923096e-01
5.824569463729858398e-01,5.465968325734138489e-02
4.684854671359062195e-02,-4.317488670349121094e-01
-6.313412189483642578e-01,-1.423667669296264648e-01
-4.747181534767150879e-01,-2.019233442842960358e-02
-5.578351020812988281e-01,-1.297534108161926270e-01
-5.459747314453125000e-01,4.440990462899208069e-02
2.282011210918426514e-01,7.391181588172912598e-01
-9.093835949897766113e-01,-3.157856762409210205e-01
2.705875337123870850e-01,3.062213957309722900e-01
9.164148569107055664e-01,-8.182276785373687744e-02
9.600853323936462402e-01,-1.924862712621688843e-01
4.789444804191589355e-01,-6.458067893981933594e-02
-6.572542190551757812e-01,-5.036340355873107910e-01
6.561827659606933594e-01,-4.039036333560943604e-01
-7.269836664199829102e-01,-3.935855627059936523e-01
6.016365438699722290e-02,9.080094099044799805e-01
4.609505236148834229e-01,-5.968760848045349121e-01
9.553623199462890625e-01,-1.176360398530960083e-01
-5.432983040809631348e-01,-4.613614082336425781e-01
4.165971577167510986e-01,7.086324095726013184e-01
7.006807923316955566e-01,-3.643089532852172852e-01
-6.640524268150329590e-01,-5.578761696815490723e-01
-3.252042829990386963e-01,-7.770788669586181641e-01
6.745982170104980469e-01,-5.937275290489196777e-01
-6.551842391490936279e-02,4.317325949668884277e-01
4.944100081920623779e-01,-5.474104881286621094e-01
-6.864176392555236816e-01,1.545579582452774048e-01
-7.806200981140136719e-01,-5.140579342842102051e-01
-6.777889132499694824e-01,4.045405685901641846e-01
-6.837984174489974976e-02,7.425570487976074219e-01
6.633972525596618652e-01,5.327850580215454102e-01
8.663637638092041016e-01,-2.191622108221054077e-01
-7.105851769447326660e-01,4.515954852104187012e-02
8.575381040573120117e-01,-1.891365200281143188e-01
-6.491826772689819336e-01,-5.581527948379516602e-01
7.883791923522949219e-01,5.484377145767211914e-01
-9.204078316688537598e-01,-2.712625265121459961e-01
1.837300956249237061e-01,-6.841368675231933594e-01
1.300911903381347656e-01,-7.320243120193481445e-02
3.610019087791442871e-01,-4.579235911369323730e-01
4.336001873016357422e-01,2.751260101795196533e-01
-4.407185912132263184e-01,2.842173278331756592e-01
6.447460055351257324e-01,-4.880635812878608704e-02
1.327556073665618896e-01,-6.094313859939575195e-01
4.929696321487426758e-01,3.302795439958572388e-02
6.021964550018310547e-01,-5.526040792465209961e-01
1.146294921636581421e-01,-5.237076878547668457e-01
9.233908653259277344e-01,-1.273731738328933716e-01
4.335833787918090820e-01,-3.458436429500579834e-01
4.863918945193290710e-02,5.022386312484741211e-01
-2.511344850063323975e-01,4.302830696105957031e-01
1.237240135669708252e-01,-5.806251168251037598e-01
3.659215867519378662e-01,-1.236042706295847893e-03
3.386567160487174988e-02,-3.382984101772308350e-01
4.533193409442901611e-01,-5.745120048522949219e-01
4.361125528812408447e-01,8.004699945449829102e-01
-4.600511193275451660e-01,-2.665214240550994873e-01
-7.342044115066528320e-01,-4.970495402812957764e-01
-6.192257404327392578e-01,-3.054160475730895996e-01
-2.717772126197814941e-01,-3.066783249378204346e-01
-7.522946000099182129e-01,-2.522650957107543945e-01
8.692093938589096069e-02,7.121312022209167480e-01
6.723104119300842285e-01,-2.122770994901657104e-01
1.578550338745117188e-01,-6.905300617218017578e-01
7.230952978134155273e-01,2.031845152378082275e-01
9.416192173957824707e-01,-1.417205929756164551e-01
3.972769677639007568e-01,-1.149895936250686646e-01
-7.712132930755615234e-01,-4.984123110771179199e-01
-7.528518438339233398e-01,-4.572111964225769043e-01
-6.102705001831054688e-01,-2.618292868137359619e-01
3.225680589675903320e-01,5.992461442947387695e-01
-6.692216396331787109e-01,2.158401310443878174e-01
-2.164020687341690063e-01,-6.841979622840881348e-01
2.481932044029235840e-01,7.480491399765014648e-01
9.654313921928405762e-01,-1.077225878834724426e-01
9.076320528984069824e-01,-1.743478924036026001e-01
-7.293775677680969238e-01,-5.225501060485839844e-01
8.649381399154663086e-01,-2.023991048336029053e-01
4.386806786060333252e-01,7.083052396774291992e-01
-6.379519701004028320e-01,-3.974910974502563477e-01
7.726319432258605957e-01,5.383383631706237793e-01
-5.287101864814758301e-01,-6.098778247833251953e-01
-1.994286775588989258e-01,4.422629475593566895e-01
-7.808732986450195312e-01,-4.977002143859863281e-01
-6.765041947364807129e-01,2.791948616504669189e-01
-4.317240118980407715e-01,-6.083875298500061035e-01
-6.615889668464660645e-01,-6.119270920753479004e-01
4.755856692790985107e-01,-1.075275018811225891e-01
-7.860416173934936523e-01,-5.974956750869750977e-01
8.570915460586547852e-01,-2.556213140487670898e-01
-2.750399410724639893e-01,5.586847066879272461e-01
8.713504076004028320e-01,-1.873400509357452393e-01
-2.673518657684326172e-01,-9.145079851150512695e-01
-4.380806386470794678e-01,2.545376420021057129e-01
-7.516053915023803711e-01,-4.870251119136810303e-01
8.405920267105102539e-01,2.290443517267704010e-02
-3.160617053508758545e-01,3.239767849445343018e-01
-1.144870091229677200e-02,8.588477373123168945e-01
-9.931901842355728149e-02,3.992535769939422607e-01
5.072068423032760620e-02,9.179832935333251953e-01
-3.302645385265350342e-01,-6.989572048187255859e-01
7.926547527313232422e-01,-9.787909686565399170e-02
-1.497801393270492554e-01,3.786370530724525452e-02
8.092663288116455078e-01,-1.655211299657821655e-01
-3.898781836032867432e-01,2.259753942489624023e-01
-7.122677564620971680e-01,-2.548044919967651367e-01
-5.547236800193786621e-01,3.440967500209808350e-01
8.209524750709533691e-01,-2.154682427644729614e-01
-3.265011310577392578e-01,-7.099745273590087891e-01
1.002845764160156250e-01,5.852881669998168945e-01
-7.452231645584106445e-01,-5.049847364425659180e-01
3.607822060585021973e-01,6.495361924171447754e-01
-6.850068569183349609e-01,1.923116445541381836e-01
7.000045180320739746e-01,-3.995692729949951172e-01
-2.889759242534637451e-01,-7.806399464607238770e-01
3.129215240478515625e-01,6.415275931358337402e-01
-2.331073284149169922e-01,4.825388491153717041e-01
6.191946864128112793e-01,-9.724082797765731812e-02
9.672825038433074951e-02,8.495883941650390625e-01
4.466612339019775391e-01,-1.718441694974899292e-01
9.475257992744445801e-01,-1.206454858183860779e-01
-6.347842812538146973e-01,-3.546876609325408936e-01
1.299576312303543091e-01,-7.682035118341445923e-02
-6.958953142166137695e-01,-5.625990629196166992e-01
5.099117159843444824e-01,-5.676155090332031250e-01
4.307870939373970032e-02,8.776613473892211914e-01
4.987097680568695068e-01,-3.098317384719848633e-01
-5.989812612533569336e-01,-5.204970836639404297e-01
-3.113327026367187500e-01,-7.701540738344192505e-02
-1.255215853452682495e-01,7.412217855453491211e-01
3.470951318740844727e-02,-7.762302756309509277e-01
2.002937644720077515e-01,1.970052421092987061e-01
4.551685601472854614e-02,-3.606430888175964355e-01
-1.094315722584724426e-01,9.847084432840347290e-02
6.853300929069519043e-01,5.647452082484960556e-03
1.508418191224336624e-02,8.372964262962341309e-01
-5.692377686500549316e-02,-4.456081390380859375e-01
-6.641831398010253906e-01,-2.486195117235183716e-01
1.022323146462440491e-01,8.583927750587463379e-01
-8.313763141632080078e-01,-3.947934210300445557e-01
9.083582758903503418e-01,-1.610025912523269653e-01
8.807616829872131348e-01,-2.627009153366088867e-01
2.007912397384643555e-01,1.082558333873748779e-01
9.140428900718688965e-01,-1.431154757738113403e-01
-6.820907592773437500e-01,1.354164779186248779e-01
-2.049942165613174438e-01,1.171851679682731628e-01
1.227687150239944458e-01,-5.483643412590026855e-01
4.611643254756927490e-01,-5.967785716056823730e-01
-5.114924907684326172e-01,1.553332358598709106e-01
6.802309304475784302e-03,-4.390078783035278320e-01
-6.516504883766174316e-01,-4.057524800300598145e-01
4.572755396366119385e-01,-6.073507666587829590e-01
-6.971051692962646484e-01,-5.415104031562805176e-01
5.662830173969268799e-02,9.124107956886291504e-01
-7.290193438529968262e-01,2.733332812786102295e-01
-1.766440458595752716e-02,-2.106435596942901611e-01
1.437700986862182617e-01,-1.541478633880615234e-01
5.154381394386291504e-01,-5.502713918685913086e-01
-6.817179918289184570e-01,-8.507733047008514404e-02
-3.445459306240081787e-01,5.718166753649711609e-02
-4.257085919380187988e-01,-1.239516586065292358e-01
-4.427491128444671631e-01,3.216675817966461182e-01
-4.905786365270614624e-02,-6.111484393477439880e-02
7.149916291236877441e-01,-3.968404829502105713e-01
5.426653027534484863e-01,-5.808171033859252930e-01
-7.801173925399780273e-01,-5.260742902755737305e-01
-1.743902415037155151e-01,4.560179710388183594e-01
8.993232250213623047e-01,-8.357959240674972534e-02
-7.768877744674682617e-01,3.548897206783294678e-01
-8.550209403038024902e-01,5.889370664954185486e-02
-1.378959417343139648e-01,7.564158439636230469e-01
1.482741236686706543e-01,9.354599118232727051e-01
4.384738504886627197e-01,-8.502316474914550781e-01
-4.912438988685607910e-01,-1.190010681748390198e-01
6.605334877967834473e-01,-8.003003895282745361e-02
8.601295351982116699e-01,-1.165555417537689209e-01
-4.007420837879180908e-01,2.852979600429534912e-01
-1.987991183996200562e-01,4.285158514976501465e-01
-4.950151741504669189e-01,-1.954840719699859619e-01
-9.977801144123077393e-02,3.991561233997344971e-01
1.756170243024826050e-01,-7.057338953018188477e-01
-1.373563408851623535e-01,4.601712822914123535e-01
-7.783769965171813965e-01,-4.897301197052001953e-01
-6.789350509643554688e-01,-5.795832276344299316e-01
6.966341733932495117e-01,-4.278158247470855713e-01
2.775781154632568359e-01,7.650268673896789551e-01
2.149520218372344971e-01,-1.861560940742492676e-01
1.196095645427703857e-01,-5.910230427980422974e-02
6.251607090234756470e-02,7.035188674926757812e-01
8.541800379753112793e-01,-2.313193231821060181e-01
7.484495639801025391e-02,-4.407224655151367188e-01
-1.084553524851799011e-01,9.844632446765899658e-02
9.506033062934875488e-01,-1.175520122051239014e-01
-9.554364681243896484e-01,3.901453316211700439e-02
6.170893907546997070e-01,2.572343051433563232e-01
-4.084801971912384033e-01,4.883443117141723633e-01
5.990651249885559082e-01,7.204517126083374023e-01
-4.850273430347442627e-01,-1.959792375564575195e-01
4.318865537643432617e-01,-3.729986846446990967e-01
5.543657541275024414e-01,-1.853107661008834839e-01
9.591931700706481934e-01,-1.118190884590148926e-01
-6.254542618989944458e-02,1.764634847640991211e-01
-4.437207579612731934e-01,-1.553547531366348267e-01
6.821655035018920898e-01,-6.397377252578735352e-01
-7.742094993591308594e-01,2.479071468114852905e-01
5.672355294227600098e-01,6.246500611305236816e-01
-4.153751730918884277e-01,-6.405263543128967285e-01
-5.383352637290954590e-01,6.125035881996154785e-01
-6.843990683555603027e-01,3.365640938282012939e-01
-9.269030690193176270e-01,2.703794538974761963e-01
7.988437414169311523e-01,-3.371187746524810791e-01
-3.816487193107604980e-01,-7.145630717277526855e-01
-3.550540506839752197e-01,8.102263212203979492e-01
-3.337371349334716797e-01,6.149283051490783691e-01
-1.849159151315689087e-01,-1.596845537424087524e-01
-4.172530770301818848e-01,-6.539425253868103027e-01
-2.778531610965728760e-01,-7.954337000846862793e-01
4.106765389442443848e-01,7.196163535118103027e-01
4.535535871982574463e-01,-4.726358056068420410e-01
-9.369376897811889648e-01,2.738315761089324951e-01
5.607547163963317871e-01,4.208674430847167969e-01
-3.898985385894775391e-01,-4.808669090270996094e-01
9.693118929862976074e-01,1.082925964146852493e-02
-5.018105506896972656e-01,2.733340263366699219e-01
5.013347268104553223e-01,9.682407835498452187e-06
9.338295459747314453e-01,-1.498859077692031860e-01
-7.412880659103393555e-01,-5.192090272903442383e-01
-4.129436016082763672e-01,6.573621034622192383e-01
2.287479192018508911e-01,-5.324433445930480957e-01
4.154251217842102051e-01,7.351756095886230469e-01
4.359067231416702271e-02,-3.553353250026702881e-01
9.131056070327758789e-01,-1.706361621618270874e-01
-1.091732680797576904e-01,9.838505834341049194e-02
3.503738939762115479e-01,-4.075126349925994873e-01
5.643106698989868164e-01,-4.604187905788421631e-01
-7.309693694114685059e-01,1.526920050382614136e-01
5.874196439981460571e-02,-5.922051072120666504e-01
-7.198794484138488770e-01,-4.577775597572326660e-01
-1.448528841137886047e-02,4.572706818580627441e-01
-3.959155380725860596e-01,-7.013944387435913086e-01
-6.332074403762817383e-01,3.673612475395202637e-01
5.619772672653198242e-01,6.015694737434387207e-01
3.760582208633422852e-01,1.052053794264793396e-01
1.423499584197998047e-01,-5.700432062149047852e-01
2.342375963926315308e-01,8.061036467552185059e-01
-4.943256974220275879e-01,-2.010801285505294800e-01
-7.292775511741638184e-01,-4.575431048870086670e-01
-5.868875384330749512e-01,2.862952351570129395e-01
3.880271315574645996e-01,2.398915588855743408e-01
-5.214453339576721191e-01,-1.822159141302108765e-01
3.467508405447006226e-02,-3.476948738098144531e-01
2.166977226734161377e-01,-1.847815811634063721e-01
-8.231867104768753052e-03,-2.946766614913940430e-01
4.633452743291854858e-02,9.199785590171813965e-01
2.243930101394653320e-02,-2.932198047637939453e-01
1.060065180063247681e-01,6.996296048164367676e-01
-7.012150883674621582e-01,-5.400376319885253906e-01
-5.434319972991943359e-01,-4.612724781036376953e-01
8.422675132751464844e-01,-1.513972729444503784e-01
-1.849037110805511475e-01,-1.596039682626724243e-01
-7.948974370956420898e-01,2.018450796604156494e-01
-2.886755466461181641e-01,5.753353238105773926e-01
-3.437020182609558105e-01,-7.083593010902404785e-01
-6.918930411338806152e-01,-8.423368632793426514e-02
-9.993838518857955933e-02,9.311252832412719727e-01
4.512817040085792542e-02,9.017793536186218262e-01
5.677910447120666504e-01,5.585710406303405762e-01
5.709694027900695801e-01,-5.545864701271057129e-01
-2.808226272463798523e-02,-5.815024375915527344e-01
-7.668163180351257324e-01,-4.478414356708526611e-01
3.831059932708740234e-01,5.757625102996826172e-01
9.373614192008972168e-01,-1.313114166259765625e-01
-7.128029465675354004e-01,4.533458501100540161e-02
-6.618754863739013672e-01,-4.309283792972564697e-01
1.205552890896797180e-01,-5.778899043798446655e-02
-2.386753857135772705e-01,1.131444424390792847e-01
-7.906442880630493164e-01,2.036900967359542847e-01
-4.305740594863891602e-01,5.262554883956909180e-01
5.925291180610656738e-01,-5.165533423423767090e-01
4.119386970996856689e-01,-2.769743502140045166e-01
5.742634534835815430e-01,4.630174040794372559e-01
2.570124268531799316e-01,4.928053617477416992e-01
1.771966069936752319e-01,-6.222986578941345215e-01
-6.613255739212036133e-01,2.752623856067657471e-01
-4.873728454113006592e-01,-2.051467597484588623e-01
-4.869763851165771484e-01,-2.054426968097686768e-01
4.097338020801544189e-01,3.170797526836395264e-01
-4.371306002140045166e-01,-1.603123992681503296e-01
3.089511394500732422e-02,-3.399386703968048096e-01
-6.988710165023803711e-01,6.700264811515808105e-01
-6.602997779846191406e-01,2.911683320999145508e-01
4.122235476970672607e-01,6.217004060745239258e-01
1.960579156875610352e-01,-8.481997251510620117e-01
4.805835708975791931e-02,9.291336536407470703e-01
-7.056019306182861328e-01,6.878633052110671997e-02
9.305950403213500977e-01,-1.299911737442016602e-01
9.648175239562988281e-01,-1.286976039409637451e-01
-3.500081002712249756e-01,-5.132916942238807678e-02
5.916944146156311035e-01,-4.532701075077056885e-01
-5.179919004440307617e-01,6.878510117530822754e-01
4.782354235649108887e-01,6.853500604629516602e-01
-3.578518331050872803e-01,-7.284727692604064941e-01
-7.099092602729797363e-01,-4.089980125427246094e-01
-5.938628315925598145e-01,2.738223969936370850e-01
-8.371599018573760986e-02,7.040544152259826660e-01
-5.293982625007629395e-01,5.831040740013122559e-01
